{"sections":{"hero-video":{"type":"hero-video","settings":{"title":"Bring your\nbrand to life.","title_size":80,"subheading":"","link_text":"Watch","link":"https:\/\/www.youtube.com\/watch?v=_9VUPq3SxOc","text_align":"vertical-center horizontal-center","video_url":"https:\/\/www.youtube.com\/watch?v=_9VUPq3SxOc","overlay_opacity":0,"section_height":"650px","mobile_height":"auto"}},"featured-collection-switcher":{"type":"featured-collection-switcher","settings":{"title":"Most popular","collection1":"","collection2":"","per_row":4,"view_all":true,"divider":false}}},"order":["hero-video","featured-collection-switcher"]}