{"type":"footer","name":"t:sections.footer-group.name","sections":{"footer":{"type":"footer","blocks":{"footer-0":{"type":"logo_social","settings":{"container_width":20}},"footer-1":{"type":"menu","settings":{"menu":"main-menu","container_width":20}},"footer-2":{"type":"newsletter","settings":{"container_width":33}},"footer-3":{"type":"menu","settings":{"menu":"footer","container_width":20}}},"block_order":["footer-3","footer-1","footer-2","footer-0"],"settings":{}},"footer-promotions":{"type":"footer-promotions","blocks":{"footer-promotions0":{"type":"promotion","settings":{}},"footer-promotions1":{"type":"promotion","settings":{}},"footer-promotions2":{"type":"promotion","settings":{}}},"block_order":["footer-promotions0","footer-promotions1","footer-promotions2"],"settings":{}}},"order":["footer-promotions","footer"]}