{"type":"header","name":"t:sections.header-group.name","sections":{"announcement-bar":{"type":"announcement-bar","settings":{"announcement_text":"Free shipping and returns","announcement_link":"","announcement_closable":false}},"header":{"type":"header","settings":{"desktop_logo_width":200,"mobile_logo_width":140,"main_menu_link_list":"main-menu","hover_menu":true,"main_menu_alignment":"center-left","header_sticky":true,"sticky_index":false,"sticky_collection":false}}},"order":["announcement-bar","header"]}